CODE_COMBINATION_CODE,ï»¿CODE_COMBINATION_ID
301.99999999.299.3147110.999.9999.902.99999999.999.999.9999,514042
301.99999999.299.2520101.999.9999.999.99999999.999.999.9999,527041
301.99999999.299.3153101.999.9999.999.99999999.201.999.9999,527047
301.99999999.299.1172101.999.9999.999.99999999.302.999.9999,527059
301.99999999.299.1171305.999.9999.999.99999999.999.999.9999,527061
301.99999999.299.1841101.999.9999.902.99999999.999.999.9999,531074
301.99999999.299.4331108.999.9999.902.99999999.999.999.9999,531075
301.99999999.299.4331107.999.9999.902.99999999.999.999.9999,531076
301.99999999.299.1828201.999.9999.902.99999999.999.999.9999,531077
301.99999999.299.4331106.999.9999.902.99999999.999.999.9999,531078
301.99999999.299.4331105.999.9999.902.99999999.999.999.9999,531079
301.99999999.299.5116101.999.9999.902.99999999.999.999.9999,532042
301.99999999.299.3152103.999.9999.902.99999999.999.999.9999,535042
301.99999999.299.1171305.999.9999.999.99999999.301.999.9999,546041
301.99999999.201.4331105.060.8512.905.99999999.999.999.9999,549052
301.99999999.299.1841101.999.9999.999.99999999.999.999.9999,549060
301.99999999.201.4331106.060.8208.902.99999999.999.999.9999,555053
301.99999999.201.4331106.060.8515.905.99999999.999.999.9999,555054
301.99999999.203.4331106.060.8051.909.99999999.999.999.9999,555059
301.99999999.203.4331106.060.8051.903.99999999.999.999.9999,555060
301.99999999.203.4331106.060.8051.905.99999999.999.999.9999,555061
301.99999999.201.4331106.060.8516.905.99999999.999.999.9999,555066
301.99999999.203.4331106.060.8051.907.99999999.999.999.9999,555073
301.99999999.203.4331106.060.8051.908.99999999.999.999.9999,555074
301.99999999.203.4331106.060.8051.906.99999999.999.999.9999,555075
301.99999999.203.4331106.060.8516.905.99999999.999.999.9999,555094
301.99999999.201.4331106.060.8051.903.99999999.999.999.9999,555096
301.99999999.201.4331105.060.8051.903.99999999.999.999.9999,555136
301.99999999.202.4331106.060.8201.903.99999999.999.999.9999,555167
301.99999999.201.4331106.060.8310.903.99999999.999.999.9999,555168
301.99999999.201.4331106.060.8307.903.99999999.999.999.9999,555169
301.99999999.203.4331106.060.8403.904.99999999.999.999.9999,555170
301.99999999.201.4331105.060.8510.905.99999999.999.999.9999,555171
301.99999999.201.4331106.060.8601.906.99999999.999.999.9999,555173
301.99999999.203.4331106.060.8704.907.99999999.999.999.9999,555182
301.99999999.203.4331106.060.8506.905.99999999.999.999.9999,555183
301.99999999.203.4331107.060.8051.903.99999999.999.999.9999,555185
301.99999999.203.4331106.060.8210.902.99999999.999.999.9999,555187
301.99999999.201.4331105.060.8703.907.99999999.999.999.9999,555189
301.99999999.203.4331105.060.8051.903.99999999.999.999.9999,555198
301.99999999.299.3147110.999.9999.905.99999999.999.999.9999,559041
301.99999999.299.3147110.999.9999.903.99999999.999.999.9999,559042
301.99999999.299.3147110.999.9999.906.99999999.999.999.9999,559043
301.99999999.299.3147110.999.9999.907.99999999.999.999.9999,559044
301.99999999.299.3147110.999.9999.908.99999999.999.999.9999,559045
301.99999999.299.3147110.999.9999.909.99999999.999.999.9999,559046
301.99999999.299.3147110.999.9999.904.99999999.999.999.9999,559047
301.99999999.299.3152101.999.9999.902.99999999.999.999.9999,300000015146443
301.99999999.299.1235111.999.9999.902.99999999.999.999.9999,300000015146444
301.99999999.999.5113102.999.9999.999.99999999.999.999.9999,300000015146446
301.99999999.299.3147110.999.9999.999.99999999.999.999.9999,300000015146454
301.99999999.999.4371201.999.9999.999.99999999.999.999.9999,300000015146506
301.99999999.999.4372101.999.9999.999.99999999.999.999.9999,300000015146508
301.99999999.199.5144101.060.9999.999.99999999.999.999.9999,300000015146510
301.99999999.199.5131101.060.9999.999.99999999.999.999.9999,300000015146512
301.99999999.299.1171301.999.9999.999.99999999.999.999.9999,300000015146522
301.99999999.299.1121128.999.9999.999.99999999.999.999.9999,300000015258819
301.99999999.299.1121129.999.9999.999.99999999.999.999.9999,300000015258841
301.99999999.299.1121122.999.9999.999.99999999.999.999.9999,300000015264124
301.99999999.299.1121123.999.9999.999.99999999.999.999.9999,300000015264135
301.99999999.299.1121127.999.9999.999.99999999.999.999.9999,300000015264142
301.99999999.203.4372101.169.8051.902.99999999.999.999.9999,300000015264192
301.99999999.299.3222101.999.9999.999.99999999.999.999.9999,300000015264250
301.99999999.999.4384121.999.9999.999.99999999.999.999.9999,300000015356833
301.99999999.199.5144101.060.8051.902.99999999.999.999.9999,300000015380449
301.99999999.299.1171301.999.8051.902.99999999.999.999.9999,300000015380485
301.99999999.299.4382114.999.9999.999.99999999.999.999.9999,300000015382592
301.99999999.299.4400107.999.9999.999.99999999.999.999.9999,300000015382598
301.99999999.299.1235111.999.9999.999.99999999.999.999.9999,300000015382628
301.99999999.999.4400109.999.9999.999.99999999.999.999.9999,300000015382693
301.99999999.999.5131101.060.9999.999.99999999.999.999.9999,300000015382780
301.99999999.999.5131101.999.9999.999.99999999.999.999.9999,300000015382781
301.99999999.299.3152101.999.9999.999.99999999.999.999.9999,300000015399007
301.99999999.299.1171302.999.9999.999.99999999.999.999.9999,300000015399101
301.99999999.299.1171303.999.9999.999.99999999.999.999.9999,300000015399102
301.99999999.299.1171304.999.9999.999.99999999.999.999.9999,300000015399103
301.99999999.999.4400106.999.9999.999.99999999.999.999.9999,300000015444094
301.99999999.299.1171301.999.9999.902.99999999.999.999.9999,300000015556697
301.99999999.199.5144101.060.9999.902.99999999.999.999.9999,300000015556699
301.99999999.999.5113101.999.9999.999.99999999.999.999.9999,300000015582500
301.99999999.299.1158101.999.9999.902.99999999.999.999.9999,300000015593205
301.99999999.299.1121122.999.9999.902.99999999.999.999.9999,300000015593218
301.99999999.299.1121123.999.9999.902.99999999.999.999.9999,300000015593220
301.99999999.299.1121127.999.9999.902.99999999.999.999.9999,300000015593222
301.99999999.299.1121128.999.9999.902.99999999.999.999.9999,300000015593227
301.99999999.299.1122101.999.9999.902.99999999.999.999.9999,300000015593234
301.99999999.299.1171302.999.9999.902.99999999.999.999.9999,300000015593238
301.99999999.299.1160301.999.9999.902.99999999.999.999.9999,300000015593241
301.99999999.299.1689301.999.9999.902.99999999.999.999.9999,300000015593243
301.99999999.299.1235102.999.9999.902.99999999.999.999.9999,300000015593245
301.99999999.299.1171402.999.9999.902.99999999.999.999.9999,300000015593462
301.99999999.299.1171401.999.9999.902.99999999.999.999.9999,300000015593464
301.99999999.299.1224101.999.9999.902.99999999.999.999.9999,300000015593467
301.99999999.299.1225101.999.9999.902.99999999.999.999.9999,300000015593509
301.99999999.299.1226101.999.9999.902.99999999.999.999.9999,300000015593511
301.99999999.299.1161101.999.9999.902.99999999.999.999.9999,300000015593513
301.99999999.299.1235116.999.9999.902.99999999.999.999.9999,300000015593519
301.99999999.299.1235113.999.9999.902.99999999.999.999.9999,300000015593592
301.99999999.299.1688203.999.9999.902.99999999.999.999.9999,300000015593594
301.99999999.299.1231301.999.9999.902.99999999.999.999.9999,300000015593781
301.99999999.299.1711201.999.9999.902.99999999.999.999.9999,300000015593824
301.99999999.299.1821401.999.9999.902.99999999.999.999.9999,300000015593837
301.99999999.299.1821201.999.9999.902.99999999.999.999.9999,300000015593844
301.99999999.299.1807301.999.9999.902.99999999.999.999.9999,300000015593846
301.99999999.299.1807101.999.9999.902.99999999.999.999.9999,300000015593854
301.99999999.299.1825401.999.9999.902.99999999.999.999.9999,300000015593858
301.99999999.299.1825201.999.9999.902.99999999.999.999.9999,300000015593862
301.99999999.299.1810301.999.9999.902.99999999.999.999.9999,300000015593868
301.99999999.299.1810101.999.9999.902.99999999.999.999.9999,300000015593870
301.99999999.299.1827401.999.9999.902.99999999.999.999.9999,300000015593872
301.99999999.299.1827201.999.9999.902.99999999.999.999.9999,300000015593881
301.99999999.299.1827501.999.9999.902.99999999.999.999.9999,300000015593895
301.99999999.299.1812301.999.9999.902.99999999.999.999.9999,300000015593901
301.99999999.299.1812101.999.9999.902.99999999.999.999.9999,300000015593906
301.99999999.299.1812401.999.9999.902.99999999.999.999.9999,300000015593910
301.99999999.299.1824401.999.9999.902.99999999.999.999.9999,300000015593914
301.99999999.299.1809301.999.9999.902.99999999.999.999.9999,300000015593921
301.99999999.299.1809101.999.9999.902.99999999.999.999.9999,300000015593929
301.99999999.299.1828401.999.9999.902.99999999.999.999.9999,300000015593941
301.99999999.299.1813301.999.9999.902.99999999.999.999.9999,300000015593945
301.99999999.299.1813101.999.9999.902.99999999.999.999.9999,300000015593951
301.99999999.299.1829401.999.9999.902.99999999.999.999.9999,300000015593953
301.99999999.299.1829201.999.9999.902.99999999.999.999.9999,300000015593969
301.99999999.299.1829101.999.9999.902.99999999.999.999.9999,300000015593971
301.99999999.299.1814301.999.9999.902.99999999.999.999.9999,300000015593974
301.99999999.299.1814101.999.9999.902.99999999.999.999.9999,300000015593976
301.99999999.299.1742401.999.9999.902.99999999.999.999.9999,300000015593995
301.99999999.299.1790401.999.9999.902.99999999.999.999.9999,300000015602001
301.99999999.299.1785301.999.9999.902.99999999.999.999.9999,300000015602009
301.99999999.299.1785101.999.9999.902.99999999.999.999.9999,300000015602018
301.99999999.299.1787401.999.9999.902.99999999.999.999.9999,300000015602027
301.99999999.299.1787201.999.9999.902.99999999.999.999.9999,300000015602029
301.99999999.299.1611101.999.9999.902.99999999.999.999.9999,300000015602040
301.99999999.299.1737201.999.9999.902.99999999.999.999.9999,300000015602045
301.99999999.299.1731502.999.9999.902.99999999.999.999.9999,300000015602047
301.99999999.299.1731101.999.9999.902.99999999.999.999.9999,300000015602049
301.99999999.299.1735201.999.9999.902.99999999.999.999.9999,300000015602055
301.99999999.299.1734201.999.9999.902.99999999.999.999.9999,300000015602060
301.99999999.299.3152102.999.9999.902.99999999.999.999.9999,300000015602121
301.99999999.299.3147104.999.9999.902.99999999.999.999.9999,300000015602124
301.99999999.299.3147105.999.9999.902.99999999.999.999.9999,300000015602133
301.99999999.299.3147107.999.9999.902.99999999.999.999.9999,300000015602139
301.99999999.299.3141201.999.9999.902.99999999.999.999.9999,300000015602146
301.99999999.299.3147113.999.9999.902.99999999.999.999.9999,300000015602151
301.99999999.299.3147108.999.9999.902.99999999.999.999.9999,300000015602179
301.99999999.299.3257101.999.9999.902.99999999.999.999.9999,300000015602181
301.99999999.299.3259102.999.9999.902.99999999.999.999.9999,300000015602192
301.99999999.299.3259101.999.9999.902.99999999.999.999.9999,300000015602198
301.99999999.299.3145103.999.9999.902.99999999.999.999.9999,300000015602203
301.99999999.299.3114001.999.9999.902.99999999.999.999.9999,300000015602205
301.99999999.299.3145101.999.9999.902.99999999.999.999.9999,300000015602207
301.99999999.299.3222101.999.9999.902.99999999.999.999.9999,300000015602425
301.99999999.299.3147114.999.9999.902.99999999.999.999.9999,300000015602439
301.99999999.299.3222102.999.9999.902.99999999.999.999.9999,300000015602442
301.99999999.299.3147115.999.9999.902.99999999.999.999.9999,300000015602460
301.99999999.299.3147119.999.9999.902.99999999.999.999.9999,300000015602467
301.99999999.299.3147102.999.9999.902.99999999.999.999.9999,300000015602476
301.99999999.299.3254101.999.9999.902.99999999.999.999.9999,300000015602508
301.99999999.299.3626701.999.9999.902.99999999.999.999.9999,300000015602522
301.99999999.299.3626601.999.9999.902.99999999.999.999.9999,300000015602554
301.99999999.299.3626801.999.9999.902.99999999.999.999.9999,300000015602556
301.99999999.299.3621201.999.9999.902.99999999.999.999.9999,300000015602563
301.99999999.299.3621301.999.9999.902.99999999.999.999.9999,300000015602565
301.99999999.299.3644101.999.9999.902.99999999.999.999.9999,300000015602567
301.99999999.299.3714102.999.9999.902.99999999.999.999.9999,300000015602584
301.99999999.299.2711101.999.9999.902.99999999.999.999.9999,300000015602599
301.99999999.299.2523801.999.9999.902.99999999.999.999.9999,300000015602607
301.99999999.299.2520101.999.9999.902.99999999.999.999.9999,300000015602609
301.99999999.299.1823401.999.9999.902.99999999.999.999.9999,300000015614295
301.99999999.299.1808301.999.9999.902.99999999.999.999.9999,300000015614298
301.99999999.202.4347130.060.8501.905.99999999.999.999.9999,300000015624565
301.99999999.201.4347130.060.8307.903.99999999.999.999.9999,300000015624575
301.99999999.201.4347130.060.8701.907.99999999.999.999.9999,300000015624599
301.99999999.201.4347130.060.8704.907.99999999.999.999.9999,300000015624619
301.99999999.201.4347130.060.8516.905.99999999.999.999.9999,300000015624623
301.99999999.201.4347130.060.8319.903.99999999.999.999.9999,300000015624627
301.99999999.201.4347130.060.8401.904.99999999.999.999.9999,300000015624631
301.99999999.202.4347130.060.8051.902.99999999.999.999.9999,300000015624671
301.99999999.203.4347130.060.8401.904.99999999.999.999.9999,300000015624673
301.99999999.201.4347130.060.8801.908.99999999.999.999.9999,300000015624675
301.99999999.201.4347130.060.8501.905.99999999.999.999.9999,300000015624693
301.99999999.201.4347130.060.8509.905.99999999.999.999.9999,300000015624697
301.99999999.201.4347130.060.8703.907.99999999.999.999.9999,300000015624705
301.99999999.201.4347130.060.8301.903.99999999.999.999.9999,300000015624707
301.99999999.201.4347130.060.8901.909.99999999.999.999.9999,300000015624711
301.99999999.201.4347130.060.8507.905.99999999.999.999.9999,300000015624713
301.99999999.201.4347130.060.8051.902.99999999.999.999.9999,300000015624715
301.99999999.202.4347130.060.8701.907.99999999.999.999.9999,300000015624717
301.99999999.203.4347130.060.8051.902.99999999.999.999.9999,300000015624742
301.99999999.201.4347130.060.8506.905.99999999.999.999.9999,300000015624750
301.99999999.201.4347130.060.8208.902.99999999.999.999.9999,300000015624754
301.99999999.202.4347130.060.8801.908.99999999.999.999.9999,300000015624756
301.99999999.201.4347130.060.8602.906.99999999.999.999.9999,300000015624768
301.99999999.201.4347130.060.8302.903.99999999.999.999.9999,300000015624780
301.99999999.201.4347130.060.8803.908.99999999.999.999.9999,300000015624788
301.99999999.202.4347130.060.8201.902.99999999.999.999.9999,300000015624796
301.99999999.202.4347130.060.8301.903.99999999.999.999.9999,300000015624798
301.99999999.201.4347130.060.8201.902.99999999.999.999.9999,300000015624804
301.99999999.202.4347110.060.8701.907.99999999.999.999.9999,300000015624832
301.99999999.201.4347110.060.8051.902.99999999.999.999.9999,300000015624860
301.99999999.202.4347110.060.8051.902.99999999.999.999.9999,300000015624892
301.99999999.299.3222103.999.9999.999.99999999.999.999.9999,300000015637227
301.99999999.201.4347113.060.8801.908.99999999.999.999.9999,300000015658185
301.99999999.202.4347113.060.8501.905.99999999.999.999.9999,300000015658187
301.99999999.201.4347113.060.8501.905.99999999.999.999.9999,300000015658189
301.99999999.201.4347113.060.8401.904.99999999.999.999.9999,300000015658191
301.99999999.201.4347113.060.8516.905.99999999.999.999.9999,300000015658197
301.99999999.201.4347113.060.8803.908.99999999.999.999.9999,300000015658199
301.99999999.201.4347113.060.8301.903.99999999.999.999.9999,300000015658201
301.99999999.201.4347113.060.8701.907.99999999.999.999.9999,300000015658203
301.99999999.201.4347113.060.8201.902.99999999.999.999.9999,300000015658205
301.99999999.202.4347113.060.8051.902.99999999.999.999.9999,300000015658207
301.99999999.201.4347120.060.8301.903.99999999.999.999.9999,300000015658243
301.99999999.201.4347120.060.8509.905.99999999.999.999.9999,300000015658262
301.99999999.201.4347109.060.8803.908.99999999.999.999.9999,300000015658296
301.99999999.203.4347109.060.8051.902.99999999.999.999.9999,300000015658353
301.99999999.201.4347114.060.8501.905.99999999.999.999.9999,300000015658357
301.99999999.203.4347114.060.8051.902.99999999.999.999.9999,300000015658359
301.99999999.202.4347114.060.8801.908.99999999.999.999.9999,300000015658361
301.99999999.201.4347114.060.8051.902.99999999.999.999.9999,300000015658363
301.99999999.201.4347129.060.8704.907.99999999.999.999.9999,300000015658373
301.99999999.201.4347129.060.8051.902.99999999.999.999.9999,300000015658394
301.99999999.201.4347129.060.8307.903.99999999.999.999.9999,300000015658416
301.99999999.201.4347117.060.8507.905.99999999.999.999.9999,300000015658452
301.99999999.201.4342105.060.8704.907.99999999.999.999.9999,300000015658534
301.99999999.201.4342105.060.8319.903.99999999.999.999.9999,300000015658544
301.99999999.201.4342105.060.8509.905.99999999.999.999.9999,300000015658550
301.99999999.201.4342105.060.8401.904.99999999.999.999.9999,300000015658563
301.99999999.201.4342105.060.8201.902.99999999.999.999.9999,300000015658573
301.99999999.201.4342105.060.8301.903.99999999.999.999.9999,300000015658588
301.99999999.201.4342105.060.8703.907.99999999.999.999.9999,300000015658594
301.99999999.201.4342105.060.8208.902.99999999.999.999.9999,300000015658598
301.99999999.203.4342105.060.8401.904.99999999.999.999.9999,300000015658612
301.99999999.202.4342105.060.8701.907.99999999.999.999.9999,300000015658627
301.99999999.201.4342105.060.8701.907.99999999.999.999.9999,300000015658632
301.99999999.201.4342105.060.8506.905.99999999.999.999.9999,300000015658650
301.99999999.201.4342105.060.8501.905.99999999.999.999.9999,300000015658652
301.99999999.201.4342105.060.8901.909.99999999.999.999.9999,300000015658654
301.99999999.202.4342105.060.8501.905.99999999.999.999.9999,300000015658658
301.99999999.201.4342105.060.8602.906.99999999.999.999.9999,300000015658665
301.99999999.201.4342105.060.8507.905.99999999.999.999.9999,300000015658667
301.99999999.203.4342105.060.8051.902.99999999.999.999.9999,300000015658675
301.99999999.201.4342105.060.8803.908.99999999.999.999.9999,300000015658694
301.99999999.202.4342105.060.8201.902.99999999.999.999.9999,300000015658710
301.99999999.201.4342105.060.8516.905.99999999.999.999.9999,300000015658714
301.99999999.201.4342105.060.8801.908.99999999.999.999.9999,300000015658727
301.99999999.202.4342105.060.8051.902.99999999.999.999.9999,300000015658731
301.99999999.202.4342105.060.8301.903.99999999.999.999.9999,300000015658737
301.99999999.201.4342105.060.8051.902.99999999.999.999.9999,300000015658739
301.99999999.202.4342105.060.8801.908.99999999.999.999.9999,300000015658755
301.99999999.201.4342105.060.8307.903.99999999.999.999.9999,300000015658759
301.99999999.201.4347121.060.8704.907.99999999.999.999.9999,300000015658766
301.99999999.201.4347121.060.8701.907.99999999.999.999.9999,300000015658770
301.99999999.201.4347121.060.8801.908.99999999.999.999.9999,300000015658774
301.99999999.201.4347121.060.8401.904.99999999.999.999.9999,300000015658782
301.99999999.202.4347121.060.8051.902.99999999.999.999.9999,300000015658788
301.99999999.203.4347121.060.8401.904.99999999.999.999.9999,300000015658795
301.99999999.201.4347121.060.8501.905.99999999.999.999.9999,300000015658808
301.99999999.201.4347121.060.8703.907.99999999.999.999.9999,300000015658814
301.99999999.201.4347121.060.8803.908.99999999.999.999.9999,300000015658824
301.99999999.201.4347121.060.8509.905.99999999.999.999.9999,300000015658826
301.99999999.201.4347121.060.8516.905.99999999.999.999.9999,300000015658848
301.99999999.201.4347121.060.8201.902.99999999.999.999.9999,300000015658852
301.99999999.202.4347121.060.8301.903.99999999.999.999.9999,300000015658854
301.99999999.201.4347121.060.8301.903.99999999.999.999.9999,300000015658867
301.99999999.201.4347121.060.8507.905.99999999.999.999.9999,300000015658906
301.99999999.203.4347121.060.8051.902.99999999.999.999.9999,300000015658908
301.99999999.201.4347121.060.8051.902.99999999.999.999.9999,300000015658910
301.99999999.201.4347121.060.8602.906.99999999.999.999.9999,300000015658923
301.99999999.202.4347121.060.8801.908.99999999.999.999.9999,300000015658930
301.99999999.201.4347121.060.8506.905.99999999.999.999.9999,300000015658938
301.99999999.201.4347121.060.8307.903.99999999.999.999.9999,300000015658958
301.99999999.201.4347121.060.8319.903.99999999.999.999.9999,300000015658963
301.99999999.202.4347121.060.8701.907.99999999.999.999.9999,300000015658971
301.99999999.202.4347121.060.8201.902.99999999.999.999.9999,300000015658973
301.99999999.202.4347121.060.8501.905.99999999.999.999.9999,300000015658981
301.99999999.201.4347121.060.8208.902.99999999.999.999.9999,300000015658991
301.99999999.201.4347121.060.8901.909.99999999.999.999.9999,300000015658994
301.99999999.203.4347101.060.8401.904.99999999.999.999.9999,300000015659012
301.99999999.202.4347101.060.8201.902.99999999.999.999.9999,300000015659022
301.99999999.202.4347101.060.8501.905.99999999.999.999.9999,300000015659024
301.99999999.201.4347101.060.8301.903.99999999.999.999.9999,300000015659026
301.99999999.201.4347101.060.8801.908.99999999.999.999.9999,300000015659030
301.99999999.201.4347101.060.8701.907.99999999.999.999.9999,300000015659035
301.99999999.201.4347101.060.8602.906.99999999.999.999.9999,300000015659047
301.99999999.201.4347101.060.8901.909.99999999.999.999.9999,300000015659049
301.99999999.201.4347101.060.8516.905.99999999.999.999.9999,300000015659051
301.99999999.201.4347101.060.8501.905.99999999.999.999.9999,300000015659057
301.99999999.203.4347101.060.8051.902.99999999.999.999.9999,300000015659059
301.99999999.201.4347101.060.8506.905.99999999.999.999.9999,300000015659091
301.99999999.201.4347101.060.8051.902.99999999.999.999.9999,300000015659105
301.99999999.202.4347101.060.8701.907.99999999.999.999.9999,300000015659107
301.99999999.201.4347101.060.8509.905.99999999.999.999.9999,300000015659112
301.99999999.202.4347101.060.8051.902.99999999.999.999.9999,300000015659116
301.99999999.201.4347101.060.8319.903.99999999.999.999.9999,300000015659124
301.99999999.201.4347101.060.8307.903.99999999.999.999.9999,300000015659126
301.99999999.201.4347101.060.8803.908.99999999.999.999.9999,300000015659128
301.99999999.202.4347101.060.8801.908.99999999.999.999.9999,300000015659134
301.99999999.201.4347101.060.8201.902.99999999.999.999.9999,300000015659144
301.99999999.201.4347101.060.8507.905.99999999.999.999.9999,300000015659154
301.99999999.202.4347101.060.8301.903.99999999.999.999.9999,300000015659158
301.99999999.201.4347101.060.8703.907.99999999.999.999.9999,300000015659165
301.99999999.201.4347101.060.8704.907.99999999.999.999.9999,300000015659170
301.99999999.203.4347101.060.8803.908.99999999.999.999.9999,300000015659172
301.99999999.201.4347101.060.8208.902.99999999.999.999.9999,300000015659181
301.99999999.201.4347101.060.8401.904.99999999.999.999.9999,300000015659203
301.99999999.201.4347119.060.8509.905.99999999.999.999.9999,300000015659206
301.99999999.201.4347119.060.8401.904.99999999.999.999.9999,300000015659220
301.99999999.201.4347119.060.8201.902.99999999.999.999.9999,300000015659222
301.99999999.202.4347119.060.8701.907.99999999.999.999.9999,300000015659226
301.99999999.201.4347119.060.8803.908.99999999.999.999.9999,300000015659228
301.99999999.201.4347119.060.8704.907.99999999.999.999.9999,300000015659230
301.99999999.201.4347119.060.8602.906.99999999.999.999.9999,300000015659234
301.99999999.201.4347119.060.8307.903.99999999.999.999.9999,300000015659240
301.99999999.201.4347119.060.8051.902.99999999.999.999.9999,300000015659242
301.99999999.201.4347119.060.8208.902.99999999.999.999.9999,300000015659260
301.99999999.201.4347119.060.8701.907.99999999.999.999.9999,300000015659279
301.99999999.201.4347119.060.8901.909.99999999.999.999.9999,300000015659286
301.99999999.201.4347119.060.8501.905.99999999.999.999.9999,300000015659295
301.99999999.202.4347119.060.8801.908.99999999.999.999.9999,300000015659297
301.99999999.201.4347119.060.8301.903.99999999.999.999.9999,300000015659302
301.99999999.203.4347119.060.8401.904.99999999.999.999.9999,300000015659304
301.99999999.201.4347119.060.8801.908.99999999.999.999.9999,300000015659319
301.99999999.203.4347119.060.8051.902.99999999.999.999.9999,300000015659324
301.99999999.202.4347119.060.8051.902.99999999.999.999.9999,300000015659326
301.99999999.201.4347119.060.8507.905.99999999.999.999.9999,300000015659341
301.99999999.202.4347119.060.8201.902.99999999.999.999.9999,300000015659346
301.99999999.202.4347119.060.8301.903.99999999.999.999.9999,300000015659348
301.99999999.201.4347119.060.8703.907.99999999.999.999.9999,300000015659366
301.99999999.201.4347119.060.8516.905.99999999.999.999.9999,300000015659383
301.99999999.202.4347119.060.8501.905.99999999.999.999.9999,300000015659389
301.99999999.201.4347119.060.8506.905.99999999.999.999.9999,300000015659415
301.99999999.201.4347119.060.8319.903.99999999.999.999.9999,300000015659419
301.99999999.201.4348109.060.8307.903.99999999.999.999.9999,300000015659435
301.99999999.201.4348109.060.8401.904.99999999.999.999.9999,300000015659437
301.99999999.202.4348109.060.8201.902.99999999.999.999.9999,300000015659441
301.99999999.203.4348109.060.8401.904.99999999.999.999.9999,300000015659443
301.99999999.201.4348109.060.8803.908.99999999.999.999.9999,300000015659447
301.99999999.202.4348109.060.8051.902.99999999.999.999.9999,300000015659457
301.99999999.201.4348109.060.8701.907.99999999.999.999.9999,300000015659467
301.99999999.201.4348109.060.8501.905.99999999.999.999.9999,300000015659469
301.99999999.201.4348109.060.8051.902.99999999.999.999.9999,300000015659500
301.99999999.201.4348109.060.8704.907.99999999.999.999.9999,300000015659509
301.99999999.202.4348109.060.8701.907.99999999.999.999.9999,300000015659515
301.99999999.201.4348109.060.8602.906.99999999.999.999.9999,300000015659522
301.99999999.201.4348109.060.8801.908.99999999.999.999.9999,300000015659524
301.99999999.201.4348109.060.8506.905.99999999.999.999.9999,300000015659544
301.99999999.201.4348109.060.8516.905.99999999.999.999.9999,300000015659550
301.99999999.201.4348109.060.8201.902.99999999.999.999.9999,300000015659555
301.99999999.201.4348109.060.8703.907.99999999.999.999.9999,300000015659557
301.99999999.202.4348109.060.8301.903.99999999.999.999.9999,300000015659563
301.99999999.201.4348109.060.8507.905.99999999.999.999.9999,300000015659574
301.99999999.202.4348109.060.8501.905.99999999.999.999.9999,300000015659578
301.99999999.201.4348109.060.8208.902.99999999.999.999.9999,300000015659582
301.99999999.201.4348109.060.8319.903.99999999.999.999.9999,300000015659584
301.99999999.201.4348109.060.8301.903.99999999.999.999.9999,300000015659598
301.99999999.203.4348109.060.8051.902.99999999.999.999.9999,300000015659607
301.99999999.202.4348109.060.8801.908.99999999.999.999.9999,300000015659636
301.99999999.201.4348109.060.8901.909.99999999.999.999.9999,300000015659643
301.99999999.201.4348109.060.8509.905.99999999.999.999.9999,300000015659651
301.99999999.201.4385114.060.8403.904.99999999.999.999.9999,300000015659677
301.99999999.201.4385114.060.8309.903.99999999.999.999.9999,300000015659736
301.99999999.203.4399603.060.8051.902.99999999.999.999.9999,300000015660147
301.99999999.201.4348106.060.8501.905.99999999.999.999.9999,300000015660220
301.99999999.201.4348106.060.8703.907.99999999.999.999.9999,300000015660225
301.99999999.201.4348106.060.8516.905.99999999.999.999.9999,300000015660231
301.99999999.201.4348106.060.8051.902.99999999.999.999.9999,300000015660233
301.99999999.203.4348106.060.8051.902.99999999.999.999.9999,300000015660239
301.99999999.201.4385115.060.8301.903.99999999.999.999.9999,300000015660294
301.99999999.201.4385115.060.8208.902.99999999.999.999.9999,300000015660296
301.99999999.201.4385115.060.8201.902.99999999.999.999.9999,300000015660312
301.99999999.201.4385115.060.8516.905.99999999.999.999.9999,300000015660316
301.99999999.201.4402101.060.8201.902.99999999.999.999.9999,300000015660332
301.99999999.201.4402101.060.8051.902.99999999.999.999.9999,300000015660336
301.99999999.201.4402101.060.8801.908.99999999.999.999.9999,300000015660338
301.99999999.203.4402101.060.8051.902.99999999.999.999.9999,300000015660357
301.99999999.201.4400109.060.8301.903.99999999.999.999.9999,300000015660361
301.99999999.201.4400109.060.8302.903.99999999.999.999.9999,300000015660369
301.99999999.201.4400109.060.8201.902.99999999.999.999.9999,300000015660371
301.99999999.201.4400109.060.8516.905.99999999.999.999.9999,300000015660373
301.99999999.202.4400109.060.8801.908.99999999.999.999.9999,300000015660375
301.99999999.201.4400109.060.8509.905.99999999.999.999.9999,300000015660377
301.99999999.201.4400109.060.8501.905.99999999.999.999.9999,300000015660389
301.99999999.202.4400109.060.8201.902.99999999.999.999.9999,300000015660393
301.99999999.201.4400109.060.8507.905.99999999.999.999.9999,300000015660397
301.99999999.201.4400109.060.8901.909.99999999.999.999.9999,300000015660417
301.99999999.201.4400109.060.8319.903.99999999.999.999.9999,300000015660421
301.99999999.201.4400109.060.8051.902.99999999.999.999.9999,300000015660425
301.99999999.201.4400109.060.8506.905.99999999.999.999.9999,300000015660431
301.99999999.201.4400109.060.8703.907.99999999.999.999.9999,300000015660435
301.99999999.201.4331105.060.8208.902.99999999.999.999.9999,300000015660445
301.99999999.201.4331105.060.8501.905.99999999.999.999.9999,300000015660447
301.99999999.201.4331105.060.8302.903.99999999.999.999.9999,300000015660449
301.99999999.201.4331105.060.8307.903.99999999.999.999.9999,300000015660451
301.99999999.201.4331105.060.8509.905.99999999.999.999.9999,300000015660453
301.99999999.201.4331105.060.8901.909.99999999.999.999.9999,300000015660463
301.99999999.201.4331105.060.8506.905.99999999.999.999.9999,300000015660471
301.99999999.203.4331105.060.8051.902.99999999.999.999.9999,300000015660475
301.99999999.201.4331105.060.8319.903.99999999.999.999.9999,300000015660477
301.99999999.202.4331105.060.8201.902.99999999.999.999.9999,300000015660479
301.99999999.201.4331105.060.8051.902.99999999.999.999.9999,300000015660489
301.99999999.202.4331105.060.8501.905.99999999.999.999.9999,300000015660491
301.99999999.201.4331105.060.8301.903.99999999.999.999.9999,300000015660499
301.99999999.202.4331105.060.8801.908.99999999.999.999.9999,300000015660503
301.99999999.202.4331105.060.8301.903.99999999.999.999.9999,300000015660507
301.99999999.202.4331105.060.8701.907.99999999.999.999.9999,300000015660513
301.99999999.201.4331105.060.8403.904.99999999.999.999.9999,300000015660517
301.99999999.201.4331105.060.8201.902.99999999.999.999.9999,300000015660519
301.99999999.201.4400107.060.8307.903.99999999.999.999.9999,300000015660533
301.99999999.202.4400107.060.8701.907.99999999.999.999.9999,300000015660535
301.99999999.202.4400107.060.8801.908.99999999.999.999.9999,300000015660537
301.99999999.201.4400107.060.8319.903.99999999.999.999.9999,300000015660539
301.99999999.201.4400107.060.8501.905.99999999.999.999.9999,300000015660541
301.99999999.202.4400107.060.8201.902.99999999.999.999.9999,300000015660549
301.99999999.202.4400107.060.8501.905.99999999.999.999.9999,300000015660556
301.99999999.201.4400107.060.8051.902.99999999.999.999.9999,300000015660568
301.99999999.201.4400107.060.8509.905.99999999.999.999.9999,300000015660570
301.99999999.201.4400107.060.8703.907.99999999.999.999.9999,300000015660582
301.99999999.203.4400107.060.8051.902.99999999.999.999.9999,300000015660586
301.99999999.201.4400107.060.8302.903.99999999.999.999.9999,300000015660590
301.99999999.201.4400107.060.8506.905.99999999.999.999.9999,300000015660594
301.99999999.201.4400107.060.8301.903.99999999.999.999.9999,300000015660597
301.99999999.201.4400107.060.8901.909.99999999.999.999.9999,300000015660599
301.99999999.202.4400107.060.8301.903.99999999.999.999.9999,300000015660617
301.99999999.201.4400107.060.8208.902.99999999.999.999.9999,300000015660619
301.99999999.201.4400107.060.8201.902.99999999.999.999.9999,300000015660621
301.99999999.201.4400102.060.8801.908.99999999.999.999.9999,300000015660633
301.99999999.201.4400102.060.8301.903.99999999.999.999.9999,300000015660643
301.99999999.202.4400104.060.8801.908.99999999.999.999.9999,300000015660657
301.99999999.201.4400104.060.8509.905.99999999.999.999.9999,300000015660659
301.99999999.201.4400104.060.8307.903.99999999.999.999.9999,300000015660667
301.99999999.201.4400104.060.8201.902.99999999.999.999.9999,300000015660671
301.99999999.201.4400104.060.8051.902.99999999.999.999.9999,300000015660675
301.99999999.201.4400104.060.8501.905.99999999.999.999.9999,300000015660677
301.99999999.202.4400104.060.8201.902.99999999.999.999.9999,300000015660681
301.99999999.201.4400104.060.8208.902.99999999.999.999.9999,300000015660683
301.99999999.201.4400104.060.8319.903.99999999.999.999.9999,300000015660701
301.99999999.201.4400104.060.8801.908.99999999.999.999.9999,300000015660703
301.99999999.201.4400104.060.8302.903.99999999.999.999.9999,300000015660705
301.99999999.203.4400104.060.8051.902.99999999.999.999.9999,300000015660707
301.99999999.201.4400104.060.8703.907.99999999.999.999.9999,300000015660709
301.99999999.201.4400104.060.8901.909.99999999.999.999.9999,300000015660715
301.99999999.202.4400104.060.8501.905.99999999.999.999.9999,300000015660719
301.99999999.202.4400104.060.8701.907.99999999.999.999.9999,300000015660723
301.99999999.201.4400104.060.8403.904.99999999.999.999.9999,300000015660736
301.99999999.201.4400104.060.8506.905.99999999.999.999.9999,300000015660740
301.99999999.202.4400104.060.8301.903.99999999.999.999.9999,300000015660750
301.99999999.201.4400104.060.8507.905.99999999.999.999.9999,300000015660754
301.99999999.201.4400104.060.8301.903.99999999.999.999.9999,300000015660756
301.99999999.201.4400111.060.8506.905.99999999.999.999.9999,300000015660762
301.99999999.202.4400111.060.8201.902.99999999.999.999.9999,300000015660766
301.99999999.201.4400111.060.8301.903.99999999.999.999.9999,300000015660770
301.99999999.202.4400111.060.8301.903.99999999.999.999.9999,300000015660772
301.99999999.201.4400111.060.8307.903.99999999.999.999.9999,300000015660774
301.99999999.202.4400111.060.8051.902.99999999.999.999.9999,300000015660778
301.99999999.203.4400111.060.8051.902.99999999.999.999.9999,300000015660786
301.99999999.201.4400111.060.8501.905.99999999.999.999.9999,300000015660788
301.99999999.201.4400111.060.8201.902.99999999.999.999.9999,300000015660794
301.99999999.201.4400111.060.8319.903.99999999.999.999.9999,300000015660798
301.99999999.203.4400101.060.8051.902.99999999.999.999.9999,300000015660804
301.99999999.201.4400101.060.8051.902.99999999.999.999.9999,300000015660810
301.99999999.201.4400101.060.8307.903.99999999.999.999.9999,300000015660814
301.99999999.201.4400101.060.8201.902.99999999.999.999.9999,300000015660822
301.99999999.201.4400101.060.8703.907.99999999.999.999.9999,300000015660824
301.99999999.202.4400101.060.8801.908.99999999.999.999.9999,300000015660832
301.99999999.201.4400101.060.8509.905.99999999.999.999.9999,300000015660842
301.99999999.201.4400101.060.8507.905.99999999.999.999.9999,300000015660845
301.99999999.202.4400101.060.8201.902.99999999.999.999.9999,300000015660855
301.99999999.201.4400101.060.8302.903.99999999.999.999.9999,300000015660857
301.99999999.201.4400101.060.8208.902.99999999.999.999.9999,300000015660866
301.99999999.202.4400101.060.8501.905.99999999.999.999.9999,300000015660868
301.99999999.201.4400101.060.8301.903.99999999.999.999.9999,300000015660872
301.99999999.201.4400101.060.8501.905.99999999.999.999.9999,300000015660884
301.99999999.202.4400101.060.8301.903.99999999.999.999.9999,300000015660886
301.99999999.201.4400101.060.8506.905.99999999.999.999.9999,300000015660888
301.99999999.201.4400101.060.8801.908.99999999.999.999.9999,300000015660890
301.99999999.201.4400101.060.8901.909.99999999.999.999.9999,300000015660892
301.99999999.201.4400101.060.8319.903.99999999.999.999.9999,300000015660896
301.99999999.201.4400101.060.8403.904.99999999.999.999.9999,300000015660898
301.99999999.202.4400101.060.8701.907.99999999.999.999.9999,300000015660902
301.99999999.201.4400108.060.8051.902.99999999.999.999.9999,300000015660908
301.99999999.203.4400108.060.8051.902.99999999.999.999.9999,300000015660912
301.99999999.201.4400108.060.8501.905.99999999.999.999.9999,300000015660914
301.99999999.201.4400105.060.8301.903.99999999.999.999.9999,300000015660922
301.99999999.202.4400105.060.8701.907.99999999.999.999.9999,300000015660926
301.99999999.201.4400105.060.8201.902.99999999.999.999.9999,300000015660928
301.99999999.201.4400105.060.8801.908.99999999.999.999.9999,300000015660930
301.99999999.201.4400105.060.8501.905.99999999.999.999.9999,300000015660934
301.99999999.202.4400105.060.8201.902.99999999.999.999.9999,300000015660936
301.99999999.203.4400105.060.8051.902.99999999.999.999.9999,300000015660938
301.99999999.201.4400105.060.8208.902.99999999.999.999.9999,300000015660942
301.99999999.202.4400105.060.8801.908.99999999.999.999.9999,300000015660946
301.99999999.201.4400105.060.8703.907.99999999.999.999.9999,300000015660948
301.99999999.202.4400105.060.8501.905.99999999.999.999.9999,300000015660954
301.99999999.202.4400105.060.8301.903.99999999.999.999.9999,300000015660960
301.99999999.201.4400105.060.8302.903.99999999.999.999.9999,300000015660964
301.99999999.201.4400105.060.8051.902.99999999.999.999.9999,300000015660970
301.99999999.201.4400105.060.8507.905.99999999.999.999.9999,300000015660972
301.99999999.201.4400105.060.8509.905.99999999.999.999.9999,300000015660986
301.99999999.201.4400105.060.8506.905.99999999.999.999.9999,300000015660988
301.99999999.201.4400105.060.8307.903.99999999.999.999.9999,300000015661000
301.99999999.201.4400105.060.8403.904.99999999.999.999.9999,300000015661011
301.99999999.201.4400105.060.8901.909.99999999.999.999.9999,300000015661018
301.99999999.201.4400105.060.8319.903.99999999.999.999.9999,300000015661022
301.99999999.201.4400110.060.8307.903.99999999.999.999.9999,300000015661032
301.99999999.202.4400110.060.8201.902.99999999.999.999.9999,300000015661036
301.99999999.202.4400110.060.8501.905.99999999.999.999.9999,300000015661048
301.99999999.202.4400106.060.8501.905.99999999.999.999.9999,300000015661072
301.99999999.201.4400106.060.8307.903.99999999.999.999.9999,300000015661082
301.99999999.201.4400106.060.8501.905.99999999.999.999.9999,300000015661085
301.99999999.201.4400106.060.8507.905.99999999.999.999.9999,300000015661100
301.99999999.201.4400106.060.8901.909.99999999.999.999.9999,300000015661102
301.99999999.201.4400106.060.8506.905.99999999.999.999.9999,300000015661108
301.99999999.201.4400106.060.8301.903.99999999.999.999.9999,300000015661110
301.99999999.201.4400106.060.8051.902.99999999.999.999.9999,300000015661112
301.99999999.201.4400106.060.8703.907.99999999.999.999.9999,300000015661114
301.99999999.202.4400106.060.8201.902.99999999.999.999.9999,300000015661116
301.99999999.202.4400106.060.8801.908.99999999.999.999.9999,300000015661118
301.99999999.202.4400106.060.8701.907.99999999.999.999.9999,300000015661124
301.99999999.201.4400106.060.8319.903.99999999.999.999.9999,300000015661128
301.99999999.201.4400106.060.8201.902.99999999.999.999.9999,300000015661138
301.99999999.201.4400106.060.8509.905.99999999.999.999.9999,300000015661142
301.99999999.201.4400106.060.8403.904.99999999.999.999.9999,300000015661144
301.99999999.201.4400106.060.8208.902.99999999.999.999.9999,300000015661148
301.99999999.202.4400106.060.8301.903.99999999.999.999.9999,300000015661152
301.99999999.201.4400106.060.8302.903.99999999.999.999.9999,300000015661158
301.99999999.203.4400106.060.8051.902.99999999.999.999.9999,300000015661164
301.99999999.201.4390103.060.8302.903.99999999.999.999.9999,300000015661178
301.99999999.203.4390103.060.8051.902.99999999.999.999.9999,300000015661186
301.99999999.203.4392101.060.8051.902.99999999.999.999.9999,300000015661196
301.99999999.201.4392101.060.8516.905.99999999.999.999.9999,300000015661198
301.99999999.203.4388102.060.8051.902.99999999.999.999.9999,300000015661216
301.99999999.203.4384117.060.8051.902.99999999.999.999.9999,300000015661257
301.99999999.203.4384105.060.8051.902.99999999.999.999.9999,300000015661269
301.99999999.203.4331107.060.8051.902.99999999.999.999.9999,300000015661303
301.99999999.203.4331108.060.8051.902.99999999.999.999.9999,300000015661335
301.99999999.203.4387104.060.8051.902.99999999.999.999.9999,300000015661345
301.99999999.203.4387105.060.8051.902.99999999.999.999.9999,300000015661355
301.99999999.201.4387105.060.8210.902.99999999.999.999.9999,300000015661359
301.99999999.201.4387105.060.8602.906.99999999.999.999.9999,300000015661361
301.99999999.202.4387105.060.8201.902.99999999.999.999.9999,300000015661363
301.99999999.203.4387105.060.8516.905.99999999.999.999.9999,300000015661365
301.99999999.201.4387105.060.8051.902.99999999.999.999.9999,300000015661373
301.99999999.201.4387105.060.8310.903.99999999.999.999.9999,300000015661375
301.99999999.201.4387105.060.8803.908.99999999.999.999.9999,300000015661377
301.99999999.201.4331106.060.8403.904.99999999.999.999.9999,300000015661393
301.99999999.202.4331106.060.8201.902.99999999.999.999.9999,300000015661395
301.99999999.201.4331106.060.8051.902.99999999.999.999.9999,300000015661397
301.99999999.201.4331106.060.8501.905.99999999.999.999.9999,300000015661399
301.99999999.201.4331106.060.8401.904.99999999.999.999.9999,300000015661401
301.99999999.202.4331106.060.8501.905.99999999.999.999.9999,300000015661409
301.99999999.201.4331106.060.8803.908.99999999.999.999.9999,300000015661412
301.99999999.201.4331106.060.8703.907.99999999.999.999.9999,300000015661416
301.99999999.201.4331106.060.8210.902.99999999.999.999.9999,300000015661418
301.99999999.201.4331106.060.8701.907.99999999.999.999.9999,300000015661422
301.99999999.203.4331106.060.8051.902.99999999.999.999.9999,300000015661424
301.99999999.201.4331106.060.8301.903.99999999.999.999.9999,300000015661428
301.99999999.201.4331106.060.8201.902.99999999.999.999.9999,300000015661430
301.99999999.201.4394101.060.8051.902.99999999.999.999.9999,300000015661436
301.99999999.201.4394101.060.8507.905.99999999.999.999.9999,300000015661440
301.99999999.203.4394101.060.8051.902.99999999.999.999.9999,300000015661442
301.99999999.201.4394101.060.8501.905.99999999.999.999.9999,300000015661444
301.99999999.203.4387106.060.8051.902.99999999.999.999.9999,300000015661446
301.99999999.201.4387106.060.8051.902.99999999.999.999.9999,300000015661448
301.99999999.203.4387107.060.8507.905.99999999.999.999.9999,300000015661452
301.99999999.201.4387107.060.8201.902.99999999.999.999.9999,300000015661454
301.99999999.203.4387107.060.8516.905.99999999.999.999.9999,300000015661456
301.99999999.203.4387107.060.8803.908.99999999.999.999.9999,300000015661458
301.99999999.201.4387107.060.8309.903.99999999.999.999.9999,300000015661460
301.99999999.201.4387107.060.8319.903.99999999.999.999.9999,300000015661462
301.99999999.203.4387107.060.8051.902.99999999.999.999.9999,300000015661466
301.99999999.202.4387107.060.8051.902.99999999.999.999.9999,300000015661470
301.99999999.201.4384141.060.8803.908.99999999.999.999.9999,300000015661472
301.99999999.201.4384141.060.8516.905.99999999.999.999.9999,300000015661478
301.99999999.203.4384141.060.8051.902.99999999.999.999.9999,300000015661480
301.99999999.203.4382117.060.8051.902.99999999.999.999.9999,300000015661482
301.99999999.202.4382117.060.8512.905.99999999.999.999.9999,300000015661484
301.99999999.203.4382117.060.8516.905.99999999.999.999.9999,300000015661490
301.99999999.201.4382117.060.8051.902.99999999.999.999.9999,300000015661492
301.99999999.201.4387101.060.8506.905.99999999.999.999.9999,300000015661494
301.99999999.201.4387101.060.8803.908.99999999.999.999.9999,300000015661496
301.99999999.203.4382101.060.8051.902.99999999.999.999.9999,300000015661498
301.99999999.203.4384110.060.8051.902.99999999.999.999.9999,300000015661500
301.99999999.203.4386101.060.8051.902.99999999.999.999.9999,300000015661502
301.99999999.203.4372101.060.8051.902.99999999.999.999.9999,300000015661512
301.99999999.203.4384113.060.8051.902.99999999.999.999.9999,300000015661514
301.99999999.203.4371105.060.8051.902.99999999.999.999.9999,300000015661517
301.99999999.203.4382114.060.8051.902.99999999.999.999.9999,300000015661519
301.99999999.203.4382112.060.8051.902.99999999.999.999.9999,300000015661521
301.99999999.202.4382112.060.8051.902.99999999.999.999.9999,300000015661523
301.99999999.201.4382112.060.8051.902.99999999.999.999.9999,300000015661527
301.99999999.202.4384119.060.8301.903.99999999.999.999.9999,300000015661531
301.99999999.203.4384144.060.8051.902.99999999.999.999.9999,300000015661533
301.99999999.201.4384144.060.8051.902.99999999.999.999.9999,300000015661535
301.99999999.203.4384145.060.8051.902.99999999.999.999.9999,300000015661537
301.99999999.201.4384145.060.8201.902.99999999.999.999.9999,300000015661539
301.99999999.201.4384145.060.8301.903.99999999.999.999.9999,300000015661541
301.99999999.201.4384145.060.8051.902.99999999.999.999.9999,300000015661543
301.99999999.203.4384146.060.8051.902.99999999.999.999.9999,300000015661545
301.99999999.201.4384146.060.8051.902.99999999.999.999.9999,300000015661549
301.99999999.201.4384146.060.8301.903.99999999.999.999.9999,300000015661551
301.99999999.201.4384146.060.8501.905.99999999.999.999.9999,300000015661553
301.99999999.201.4384146.060.8201.902.99999999.999.999.9999,300000015661555
301.99999999.201.4400118.060.8051.902.99999999.999.999.9999,300000015661559
301.99999999.201.4400118.060.8901.909.99999999.999.999.9999,300000015661561
301.99999999.201.4400118.060.8501.905.99999999.999.999.9999,300000015661563
301.99999999.203.4400118.060.8051.902.99999999.999.999.9999,300000015661565
301.99999999.202.4400118.060.8601.906.99999999.999.999.9999,300000015661569
301.99999999.202.4397101.060.8051.902.99999999.999.999.9999,300000015661571
301.99999999.203.4397101.060.8051.902.99999999.999.999.9999,300000015661573
301.99999999.202.4382120.060.8514.905.99999999.999.999.9999,300000015661578
301.99999999.202.4382120.060.8515.905.99999999.999.999.9999,300000015661580
301.99999999.202.4397301.060.8051.902.99999999.999.999.9999,300000015661582
301.99999999.201.4398101.060.8319.903.99999999.999.999.9999,300000015661584
301.99999999.201.4398101.060.8210.902.99999999.999.999.9999,300000015661586
301.99999999.201.4398101.060.8803.908.99999999.999.999.9999,300000015661588
301.99999999.201.4398101.060.8216.902.99999999.999.999.9999,300000015661590
301.99999999.201.4398101.060.8506.905.99999999.999.999.9999,300000015661592
301.99999999.201.4398101.060.8301.903.99999999.999.999.9999,300000015661594
301.99999999.201.4398101.060.8509.905.99999999.999.999.9999,300000015661596
301.99999999.201.4398101.060.8501.905.99999999.999.999.9999,300000015661599
301.99999999.201.4398101.060.8507.905.99999999.999.999.9999,300000015661604
301.99999999.201.4398101.060.8307.903.99999999.999.999.9999,300000015661606
301.99999999.201.4398101.060.8703.907.99999999.999.999.9999,300000015661608
301.99999999.203.4398101.060.8509.905.99999999.999.999.9999,300000015661610
301.99999999.201.4398101.060.8901.909.99999999.999.999.9999,300000015661612
301.99999999.203.4398101.060.8051.902.99999999.999.999.9999,300000015661614
301.99999999.203.4398101.060.8516.905.99999999.999.999.9999,300000015661618
301.99999999.203.4382118.060.8051.902.99999999.999.999.9999,300000015661628
301.99999999.203.4382118.060.8601.906.99999999.999.999.9999,300000015661630
301.99999999.201.4382118.060.8901.909.99999999.999.999.9999,300000015661632
301.99999999.203.4382118.060.8701.907.99999999.999.999.9999,300000015661634
301.99999999.203.4382118.060.8301.903.99999999.999.999.9999,300000015661636
301.99999999.203.4382118.060.8201.902.99999999.999.999.9999,300000015661638
301.99999999.203.4382118.060.8501.905.99999999.999.999.9999,300000015661640
301.99999999.201.4382118.060.8051.902.99999999.999.999.9999,300000015661646
301.99999999.201.4397101.060.8319.903.99999999.999.999.9999,300000015661648
301.99999999.201.4397101.060.8704.907.99999999.999.999.9999,300000015661650
301.99999999.201.4397101.060.8309.903.99999999.999.999.9999,300000015661652
301.99999999.201.4397101.060.8310.903.99999999.999.999.9999,300000015661654
301.99999999.203.4347103.060.8051.902.99999999.999.999.9999,300000015661656
301.99999999.201.4384121.060.8051.902.99999999.999.999.9999,300000015661664
301.99999999.203.4384121.060.8051.902.99999999.999.999.9999,300000015661667
301.99999999.203.4381101.060.8051.902.99999999.999.999.9999,300000015661672
301.99999999.201.4348102.060.8208.902.99999999.999.999.9999,300000015661680
301.99999999.201.4348102.060.8501.905.99999999.999.999.9999,300000015661690
301.99999999.201.4348102.060.8301.903.99999999.999.999.9999,300000015661694
301.99999999.201.4348102.060.8901.909.99999999.999.999.9999,300000015661697
301.99999999.201.4348102.060.8803.908.99999999.999.999.9999,300000015661703
301.99999999.201.4348102.060.8210.902.99999999.999.999.9999,300000015661713
301.99999999.201.4348102.060.8703.907.99999999.999.999.9999,300000015661721
301.99999999.201.4348102.060.8704.907.99999999.999.999.9999,300000015661739
301.99999999.201.4348102.060.8507.905.99999999.999.999.9999,300000015661751
301.99999999.201.4348102.060.8201.902.99999999.999.999.9999,300000015661753
301.99999999.201.4348102.060.8051.902.99999999.999.999.9999,300000015661757
301.99999999.201.4348102.060.8506.905.99999999.999.999.9999,300000015661769
301.99999999.201.4348102.060.8307.903.99999999.999.999.9999,300000015661773
301.99999999.201.4348102.060.8319.903.99999999.999.999.9999,300000015661783
301.99999999.201.4348102.060.8509.905.99999999.999.999.9999,300000015661786
301.99999999.203.4348102.060.8051.902.99999999.999.999.9999,300000015661794
301.99999999.201.4348105.060.8201.902.99999999.999.999.9999,300000015661796
301.99999999.201.4348105.060.8301.903.99999999.999.999.9999,300000015661798
301.99999999.203.4348105.060.8051.902.99999999.999.999.9999,300000015661800
301.99999999.203.4384129.060.8051.902.99999999.999.999.9999,300000015661802
301.99999999.202.4384129.060.8051.902.99999999.999.999.9999,300000015661804
301.99999999.203.4387102.060.8051.902.99999999.999.999.9999,300000015661806
301.99999999.201.4387102.060.8051.902.99999999.999.999.9999,300000015661810
301.99999999.201.4387102.060.8516.905.99999999.999.999.9999,300000015661812
301.99999999.201.4387102.060.8301.903.99999999.999.999.9999,300000015661814
301.99999999.201.4387102.060.8501.905.99999999.999.999.9999,300000015661816
301.99999999.201.4387102.060.8201.902.99999999.999.999.9999,300000015661820
301.99999999.202.4387102.060.8051.902.99999999.999.999.9999,300000015661825
301.99999999.203.4331103.060.8051.902.99999999.999.999.9999,300000015661909
301.99999999.203.4331103.060.8302.903.99999999.999.999.9999,300000015661913
301.99999999.203.5131101.060.8051.902.99999999.999.999.9999,300000015661919
301.99999999.203.4361104.060.8051.902.99999999.999.999.9999,300000015661921
301.99999999.203.4360102.060.8051.902.99999999.999.999.9999,300000015661923
301.99999999.203.4361103.060.8051.902.99999999.999.999.9999,300000015661925
301.99999999.203.4360103.060.8051.902.99999999.999.999.9999,300000015661927
301.99999999.203.4813101.060.8051.902.99999999.999.999.9999,300000015661933
301.99999999.203.4814101.060.8051.902.99999999.999.999.9999,300000015661939
301.99999999.203.4814101.060.8302.903.99999999.999.999.9999,300000015661941
301.99999999.299.1121121.999.9999.902.99999999.999.999.9999,300000015662004
301.99999999.199.5144103.060.8051.902.99999999.999.999.9999,300000015887169
301.99999999.299.1782101.999.9999.902.99999999.999.999.9999,300000015902519
301.99999999.299.1786401.999.9999.902.99999999.999.999.9999,300000015902521
301.99999999.299.1781301.999.9999.902.99999999.999.999.9999,300000015902524
301.99999999.299.1781101.999.9999.902.99999999.999.999.9999,300000015902527
301.99999999.299.3222103.999.9999.902.99999999.999.999.9999,300000015902574
301.99999999.299.2519801.999.9999.902.99999999.999.999.9999,300000015902610
301.99999999.203.4371102.060.8051.902.99999999.999.999.9999,300000015902947
301.99999999.201.4347130.060.8512.905.99999999.999.999.9999,300000015902999
301.99999999.201.4347130.060.8210.902.99999999.999.999.9999,300000015908057
301.99999999.201.4347130.060.8216.902.99999999.999.999.9999,300000015908065
301.99999999.201.4347130.060.8510.905.99999999.999.999.9999,300000015908102
301.99999999.201.4347123.060.8051.902.99999999.999.999.9999,300000015908249
301.99999999.201.4347113.060.8051.902.99999999.999.999.9999,300000015908296
301.99999999.203.4347113.060.8051.902.99999999.999.999.9999,300000015908301
301.99999999.201.4347120.060.8051.902.99999999.999.999.9999,300000015908308
301.99999999.201.4347120.060.8516.905.99999999.999.999.9999,300000015908310
301.99999999.201.4347120.060.8201.902.99999999.999.999.9999,300000015908322
301.99999999.201.4347120.060.8801.908.99999999.999.999.9999,300000015908324
301.99999999.201.4347120.060.8701.907.99999999.999.999.9999,300000015908330
301.99999999.201.4347120.060.8401.904.99999999.999.999.9999,300000015908337
301.99999999.202.4347120.060.8051.902.99999999.999.999.9999,300000015908356
301.99999999.203.4347120.060.8051.902.99999999.999.999.9999,300000015908359
301.99999999.201.4347109.060.8501.905.99999999.999.999.9999,300000015908375
301.99999999.201.4347109.060.8301.903.99999999.999.999.9999,300000015908379
301.99999999.201.4347109.060.8051.902.99999999.999.999.9999,300000015908390
301.99999999.201.4347109.060.8801.908.99999999.999.999.9999,300000015908416
301.99999999.201.4347109.060.8307.903.99999999.999.999.9999,300000015908432
301.99999999.202.4347109.060.8051.902.99999999.999.999.9999,300000015908434
301.99999999.202.4347109.060.8701.907.99999999.999.999.9999,300000015908436
301.99999999.201.4347109.060.8507.905.99999999.999.999.9999,300000015908438
301.99999999.201.4347109.060.8703.907.99999999.999.999.9999,300000015908440
301.99999999.201.4347109.060.8201.902.99999999.999.999.9999,300000015908447
301.99999999.202.4347109.060.8301.903.99999999.999.999.9999,300000015908454
301.99999999.202.4347109.060.8501.905.99999999.999.999.9999,300000015908456
301.99999999.203.4348108.060.8051.902.99999999.999.999.9999,300000015908464
301.99999999.202.4347114.060.8051.902.99999999.999.999.9999,300000015908476
301.99999999.202.4347114.060.8701.907.99999999.999.999.9999,300000015908478
301.99999999.202.4347114.060.8301.903.99999999.999.999.9999,300000015908481
301.99999999.202.4347114.060.8501.905.99999999.999.999.9999,300000015908485
301.99999999.201.4347129.060.8509.905.99999999.999.999.9999,300000015908488
301.99999999.201.4347129.060.8602.906.99999999.999.999.9999,300000015908504
301.99999999.201.4347129.060.8516.905.99999999.999.999.9999,300000015908510
301.99999999.202.4347129.060.8201.902.99999999.999.999.9999,300000015908512
301.99999999.202.4347129.060.8701.907.99999999.999.999.9999,300000015908518
301.99999999.202.4347129.060.8501.905.99999999.999.999.9999,300000015908523
301.99999999.203.4347129.060.8051.902.99999999.999.999.9999,300000015908525
301.99999999.201.4347129.060.8801.908.99999999.999.999.9999,300000015908528
301.99999999.201.4347129.060.8319.903.99999999.999.999.9999,300000015908533
301.99999999.201.4347129.060.8701.907.99999999.999.999.9999,300000015908536
301.99999999.201.4347129.060.8507.905.99999999.999.999.9999,300000015908539
301.99999999.201.4347129.060.8501.905.99999999.999.999.9999,300000015908541
301.99999999.201.4347129.060.8401.904.99999999.999.999.9999,300000015908546
301.99999999.201.4347129.060.8201.902.99999999.999.999.9999,300000015908548
301.99999999.201.4347129.060.8210.902.99999999.999.999.9999,300000015908559
301.99999999.202.4347129.060.8801.908.99999999.999.999.9999,300000015908561
301.99999999.202.4347129.060.8301.903.99999999.999.999.9999,300000015908566
301.99999999.202.4347129.060.8051.902.99999999.999.999.9999,300000015908575
301.99999999.201.4347129.060.8301.903.99999999.999.999.9999,300000015908577
301.99999999.201.4347129.060.8703.907.99999999.999.999.9999,300000015908579
301.99999999.201.4347129.060.8216.902.99999999.999.999.9999,300000015908585
301.99999999.201.4347129.060.8506.905.99999999.999.999.9999,300000015908590
301.99999999.201.4347111.060.8516.905.99999999.999.999.9999,300000015908707
301.99999999.201.4347111.060.8501.905.99999999.999.999.9999,300000015908717
301.99999999.201.4347111.060.8301.903.99999999.999.999.9999,300000015908734
301.99999999.201.4342105.060.8512.905.99999999.999.999.9999,300000015908751
301.99999999.201.4342105.060.8510.905.99999999.999.999.9999,300000015908754
301.99999999.201.4342105.060.8210.902.99999999.999.999.9999,300000015908833
301.99999999.201.4342105.060.8216.902.99999999.999.999.9999,300000015908887
301.99999999.201.4347121.060.8216.902.99999999.999.999.9999,300000015908950
301.99999999.201.4347121.060.8210.902.99999999.999.999.9999,300000015908961
301.99999999.201.4347121.060.8510.905.99999999.999.999.9999,300000015908973
301.99999999.201.4347121.060.8512.905.99999999.999.999.9999,300000015908997
301.99999999.201.4347101.060.8510.905.99999999.999.999.9999,300000015909072
301.99999999.201.4347101.060.8512.905.99999999.999.999.9999,300000015909092
301.99999999.201.4347101.060.8210.902.99999999.999.999.9999,300000015909100
301.99999999.201.4347101.060.8216.902.99999999.999.999.9999,300000015909108
301.99999999.201.4347119.060.8512.905.99999999.999.999.9999,300000015909195
301.99999999.201.4347119.060.8216.902.99999999.999.999.9999,300000015909240
301.99999999.201.4347119.060.8510.905.99999999.999.999.9999,300000015909280
301.99999999.201.4347119.060.8210.902.99999999.999.999.9999,300000015909307
301.99999999.201.4348109.060.8216.902.99999999.999.999.9999,300000015909345
301.99999999.201.4348109.060.8512.905.99999999.999.999.9999,300000015909378
301.99999999.201.4348109.060.8210.902.99999999.999.999.9999,300000015909425
301.99999999.201.4348109.060.8510.905.99999999.999.999.9999,300000015909457
301.99999999.201.4399604.060.8051.902.99999999.999.999.9999,300000015909706
301.99999999.201.4399604.060.8201.902.99999999.999.999.9999,300000015909714
301.99999999.201.4399603.060.8803.908.99999999.999.999.9999,300000015909718
301.99999999.201.4399603.060.8051.902.99999999.999.999.9999,300000015909721
301.99999999.201.4399603.060.8501.905.99999999.999.999.9999,300000015909723
301.99999999.202.4399603.060.8051.902.99999999.999.999.9999,300000015909725
301.99999999.201.4399603.060.8307.903.99999999.999.999.9999,300000015909731
301.99999999.201.4323101.060.8601.906.99999999.999.999.9999,300000015909745
301.99999999.201.4323101.060.8701.907.99999999.999.999.9999,300000015909747
301.99999999.201.4323101.060.8803.908.99999999.999.999.9999,300000015909751
301.99999999.201.4323101.060.8501.905.99999999.999.999.9999,300000015909763
301.99999999.201.4323101.060.8051.902.99999999.999.999.9999,300000015909769
301.99999999.201.4323101.060.8201.902.99999999.999.999.9999,300000015909790
301.99999999.201.4323101.060.8801.908.99999999.999.999.9999,300000015909805
301.99999999.201.4323101.060.8401.904.99999999.999.999.9999,300000015909807
301.99999999.201.4323101.060.8301.903.99999999.999.999.9999,300000015909809
301.99999999.201.4348106.060.8803.908.99999999.999.999.9999,300000015909820
301.99999999.201.4348106.060.8201.902.99999999.999.999.9999,300000015909826
301.99999999.201.4385113.060.8501.905.99999999.999.999.9999,300000015909876
301.99999999.203.4385113.060.8201.902.99999999.999.999.9999,300000015909884
301.99999999.201.4385102.060.8401.904.99999999.999.999.9999,300000015909890
301.99999999.201.4385102.060.8301.903.99999999.999.999.9999,300000015909893
301.99999999.201.4385102.060.8803.908.99999999.999.999.9999,300000015909899
301.99999999.201.4394101.060.8301.903.99999999.999.999.9999,300000015909914
301.99999999.201.4394101.060.8310.903.99999999.999.999.9999,300000015909920
301.99999999.201.4394101.060.8803.908.99999999.999.999.9999,300000015909922
301.99999999.201.4385115.060.8051.902.99999999.999.999.9999,300000015909934
301.99999999.203.4385115.060.8301.903.99999999.999.999.9999,300000015909937
301.99999999.201.4385115.060.8701.907.99999999.999.999.9999,300000015909960
301.99999999.201.4385115.060.8803.908.99999999.999.999.9999,300000015909966
301.99999999.201.4385115.060.8506.905.99999999.999.999.9999,300000015909970
301.99999999.201.4402101.060.8901.909.99999999.999.999.9999,300000015909991
301.99999999.202.4402101.060.8051.902.99999999.999.999.9999,300000015909994
301.99999999.201.4400109.060.8701.907.99999999.999.999.9999,300000015910005
301.99999999.201.4400109.060.8307.903.99999999.999.999.9999,300000015910013
301.99999999.201.4400109.060.8208.902.99999999.999.999.9999,300000015910029
301.99999999.202.4400109.060.8301.903.99999999.999.999.9999,300000015910034
301.99999999.203.4400109.060.8051.902.99999999.999.999.9999,300000015910042
301.99999999.202.4400109.060.8701.907.99999999.999.999.9999,300000015910064
301.99999999.201.4400109.060.8403.904.99999999.999.999.9999,300000015910068
301.99999999.201.4400109.060.8803.908.99999999.999.999.9999,300000015910071
301.99999999.201.4331105.060.8210.902.99999999.999.999.9999,300000015910122
301.99999999.201.4400107.060.8210.902.99999999.999.999.9999,300000015910175
301.99999999.201.4400107.060.8403.904.99999999.999.999.9999,300000015910181
301.99999999.202.4400102.060.8801.908.99999999.999.999.9999,300000015910227
301.99999999.201.4400104.060.8210.902.99999999.999.999.9999,300000015910263
301.99999999.201.4400104.060.8216.902.99999999.999.999.9999,300000015910299
301.99999999.201.4400111.060.8210.902.99999999.999.999.9999,300000015910308
301.99999999.202.4400111.060.8501.905.99999999.999.999.9999,300000015910323
301.99999999.201.4400111.060.8302.903.99999999.999.999.9999,300000015910344
301.99999999.201.4400111.060.8051.902.99999999.999.999.9999,300000015910347
301.99999999.201.4400111.060.8208.902.99999999.999.999.9999,300000015910350
301.99999999.201.4400101.060.8210.902.99999999.999.999.9999,300000015910385
301.99999999.201.4400108.060.8201.902.99999999.999.999.9999,300000015910428
301.99999999.201.4400108.060.8803.908.99999999.999.999.9999,300000015910431
301.99999999.202.4400108.060.8201.902.99999999.999.999.9999,300000015910433
301.99999999.201.4400108.060.8301.903.99999999.999.999.9999,300000015910435
301.99999999.202.4400108.060.8301.903.99999999.999.999.9999,300000015910437
301.99999999.202.4400108.060.8051.902.99999999.999.999.9999,300000015910441
301.99999999.201.4400108.060.8401.904.99999999.999.999.9999,300000015910443
301.99999999.201.4400105.060.8210.902.99999999.999.999.9999,300000015910467
301.99999999.202.4400110.060.8301.903.99999999.999.999.9999,300000015910522
301.99999999.201.4400110.060.8501.905.99999999.999.999.9999,300000015910528
301.99999999.201.4400110.060.8301.903.99999999.999.999.9999,300000015910546
301.99999999.201.4400110.060.8509.905.99999999.999.999.9999,300000015910551
301.99999999.201.4400106.060.8210.902.99999999.999.999.9999,300000015910622
301.99999999.201.4392101.060.8401.904.99999999.999.999.9999,300000015910654
301.99999999.201.4392101.060.8509.905.99999999.999.999.9999,300000015910658
301.99999999.201.4392101.060.8307.903.99999999.999.999.9999,300000015910670
301.99999999.201.4392101.060.8310.903.99999999.999.999.9999,300000015910673
301.99999999.201.4384105.060.8401.904.99999999.999.999.9999,300000015910711
301.99999999.201.4384105.060.8216.902.99999999.999.999.9999,300000015910715
301.99999999.201.4384105.060.8803.908.99999999.999.999.9999,300000015910718
301.99999999.201.4387104.060.8501.905.99999999.999.999.9999,300000015910752
301.99999999.201.4387105.060.8501.905.99999999.999.999.9999,300000015910767
301.99999999.201.4387105.060.8307.903.99999999.999.999.9999,300000015910769
301.99999999.202.4331106.060.8701.907.99999999.999.999.9999,300000015910787
301.99999999.201.4331106.060.8602.906.99999999.999.999.9999,300000015910789
301.99999999.201.4331106.060.8801.908.99999999.999.999.9999,300000015910791
301.99999999.202.4331106.060.8301.903.99999999.999.999.9999,300000015910808
301.99999999.202.4331106.060.8051.902.99999999.999.999.9999,300000015910810
301.99999999.201.4394101.060.8216.902.99999999.999.999.9999,300000015910822
301.99999999.202.4394101.060.8051.902.99999999.999.999.9999,300000015910824
301.99999999.201.4387106.060.8216.902.99999999.999.999.9999,300000015910835
301.99999999.203.4387107.060.8509.905.99999999.999.999.9999,300000015910838
301.99999999.201.4387107.060.8506.905.99999999.999.999.9999,300000015910840
301.99999999.201.4387107.060.8310.903.99999999.999.999.9999,300000015910842
301.99999999.201.4387107.060.8209.902.99999999.999.999.9999,300000015910847
301.99999999.203.4387107.060.8506.905.99999999.999.999.9999,300000015910851
301.99999999.202.4382117.060.8051.902.99999999.999.999.9999,300000015910867
301.99999999.201.4382117.060.8803.908.99999999.999.999.9999,300000015910873
301.99999999.201.4382117.060.8201.902.99999999.999.999.9999,300000015910875
301.99999999.203.4384137.060.8051.902.99999999.999.999.9999,300000015910883
301.99999999.201.4384119.060.8301.903.99999999.999.999.9999,300000015910902
301.99999999.201.4384119.060.8051.902.99999999.999.999.9999,300000015910904
301.99999999.202.4384119.060.8051.902.99999999.999.999.9999,300000015910908
301.99999999.201.4384119.060.8201.902.99999999.999.999.9999,300000015910912
301.99999999.201.4384144.060.8501.905.99999999.999.999.9999,300000015910914
301.99999999.202.4384144.060.8051.902.99999999.999.999.9999,300000015910916
301.99999999.202.4384145.060.8051.902.99999999.999.999.9999,300000015910921
301.99999999.202.4384146.060.8051.902.99999999.999.999.9999,300000015910928
301.99999999.201.4384146.060.8803.908.99999999.999.999.9999,300000015910952
301.99999999.201.4384146.060.8509.905.99999999.999.999.9999,300000015910954
301.99999999.201.4384146.060.8701.907.99999999.999.999.9999,300000015910963
301.99999999.201.4384146.060.8401.904.99999999.999.999.9999,300000015910967
301.99999999.201.4400118.060.8701.907.99999999.999.999.9999,300000015910973
301.99999999.201.4400118.060.8601.906.99999999.999.999.9999,300000015910975
301.99999999.202.4400118.060.8051.902.99999999.999.999.9999,300000015910981
301.99999999.201.4400118.060.8602.906.99999999.999.999.9999,300000015910983
301.99999999.201.4400118.060.8509.905.99999999.999.999.9999,300000015910985
301.99999999.201.4400118.060.8803.908.99999999.999.999.9999,300000015910992
301.99999999.201.4400118.060.8301.903.99999999.999.999.9999,300000015911007
301.99999999.202.4400118.060.8301.903.99999999.999.999.9999,300000015911009
301.99999999.202.4397101.060.8401.904.99999999.999.999.9999,300000015911012
301.99999999.201.4397101.060.8051.902.99999999.999.999.9999,300000015911015
301.99999999.202.4397101.060.8701.907.99999999.999.999.9999,300000015911017
301.99999999.202.4397101.060.8801.908.99999999.999.999.9999,300000015911019
301.99999999.202.4397101.060.8201.902.99999999.999.999.9999,300000015911021
301.99999999.201.4397101.060.8501.905.99999999.999.999.9999,300000015911023
301.99999999.202.4397101.060.8301.903.99999999.999.999.9999,300000015911025
301.99999999.202.4397101.060.8501.905.99999999.999.999.9999,300000015911027
301.99999999.203.4399401.060.8051.902.99999999.999.999.9999,300000015911032
301.99999999.202.4398101.060.8201.902.99999999.999.999.9999,300000015911050
301.99999999.202.4398101.060.8501.905.99999999.999.999.9999,300000015911055
301.99999999.201.4398101.060.8801.908.99999999.999.999.9999,300000015911061
301.99999999.201.4398101.060.8701.907.99999999.999.999.9999,300000015911063
301.99999999.201.4398101.060.8704.907.99999999.999.999.9999,300000015911067
301.99999999.201.4398101.060.8401.904.99999999.999.999.9999,300000015911071
301.99999999.201.4398101.060.8310.903.99999999.999.999.9999,300000015911075
301.99999999.201.4398101.060.8051.902.99999999.999.999.9999,300000015911077
301.99999999.201.4398101.060.8601.906.99999999.999.999.9999,300000015911079
301.99999999.201.4394101.060.8403.904.99999999.999.999.9999,300000015911092
301.99999999.201.4382118.060.8501.905.99999999.999.999.9999,300000015911098
301.99999999.203.4382118.060.8901.909.99999999.999.999.9999,300000015911101
301.99999999.201.4382118.060.8307.903.99999999.999.999.9999,300000015911103
301.99999999.201.4382118.060.8703.907.99999999.999.999.9999,300000015911113
301.99999999.201.4347132.060.8301.903.99999999.999.999.9999,300000015911119
301.99999999.201.4348102.060.8701.907.99999999.999.999.9999,300000015911156
301.99999999.203.4348105.060.8401.904.99999999.999.999.9999,300000015911161
301.99999999.203.4348105.060.8901.909.99999999.999.999.9999,300000015911165
301.99999999.203.4348105.060.8801.908.99999999.999.999.9999,300000015911167
301.99999999.203.4348105.060.8701.907.99999999.999.999.9999,300000015911169
301.99999999.201.4348105.060.8051.902.99999999.999.999.9999,300000015911171
301.99999999.203.4348105.060.8601.906.99999999.999.999.9999,300000015911174
301.99999999.201.4348105.060.8401.904.99999999.999.999.9999,300000015911176
301.99999999.201.4348105.060.8801.908.99999999.999.999.9999,300000015911178
301.99999999.203.4348105.060.8501.905.99999999.999.999.9999,300000015911186
301.99999999.203.4348105.060.8201.902.99999999.999.999.9999,300000015911190
301.99999999.201.4348105.060.8501.905.99999999.999.999.9999,300000015911194
301.99999999.201.4384129.060.8803.908.99999999.999.999.9999,300000015911200
301.99999999.201.4384129.060.8307.903.99999999.999.999.9999,300000015911202
301.99999999.201.4384129.060.8051.902.99999999.999.999.9999,300000015911204
301.99999999.201.4387102.060.8302.903.99999999.999.999.9999,300000015911247
301.99999999.201.4387102.060.8701.907.99999999.999.999.9999,300000015911249
301.99999999.201.4387102.060.8216.902.99999999.999.999.9999,300000015911251
301.99999999.201.4387102.060.8401.904.99999999.999.999.9999,300000015911253
301.99999999.203.4331103.060.8201.902.99999999.999.999.9999,300000015911296
301.99999999.203.4331112.060.8051.902.99999999.999.999.9999,300000015911302
301.99999999.203.4814101.060.8201.902.99999999.999.999.9999,300000015911318
301.99999999.299.1821501.999.9999.902.99999999.999.999.9999,300000015911327
301.99999999.299.1824501.999.9999.902.99999999.999.999.9999,300000015911339
301.99999999.299.1828501.999.9999.902.99999999.999.999.9999,300000015911358
301.99999999.299.1813401.999.9999.902.99999999.999.999.9999,300000015911360
301.99999999.299.1829501.999.9999.902.99999999.999.999.9999,300000015911362
301.99999999.299.1814401.999.9999.902.99999999.999.999.9999,300000015911364
301.99999999.299.1742501.999.9999.902.99999999.999.999.9999,300000015911366
301.99999999.201.5116101.060.8507.905.99999999.999.999.9999,300000015911447
301.99999999.203.5116101.060.8051.902.99999999.999.999.9999,300000015911451
301.99999999.202.5116101.060.8501.905.99999999.999.999.9999,300000015911480
301.99999999.203.5121101.060.8051.902.99999999.999.999.9999,300000015911486
301.99999999.203.4347130.060.8803.908.99999999.999.999.9999,300000015911493
301.99999999.201.4347120.060.8901.909.99999999.999.999.9999,300000015911549
301.99999999.201.4347109.060.8901.909.99999999.999.999.9999,300000015911554
301.99999999.201.4348108.060.8901.909.99999999.999.999.9999,300000015911566
301.99999999.201.4347112.060.8051.902.99999999.999.999.9999,300000015911586
301.99999999.203.4347112.060.8051.902.99999999.999.999.9999,300000015911594
301.99999999.201.4347112.060.8301.903.99999999.999.999.9999,300000015911596
301.99999999.201.4347112.060.8201.902.99999999.999.999.9999,300000015911598
301.99999999.201.4347112.060.8803.908.99999999.999.999.9999,300000015911602
301.99999999.202.4347114.060.8201.902.99999999.999.999.9999,300000015911604
301.99999999.201.4347129.060.8901.909.99999999.999.999.9999,300000015911623
301.99999999.201.4347129.060.8208.902.99999999.999.999.9999,300000015911627
301.99999999.203.4347117.060.8051.902.99999999.999.999.9999,300000015911637
301.99999999.201.4347117.060.8506.905.99999999.999.999.9999,300000015911639
301.99999999.201.4347117.060.8501.905.99999999.999.999.9999,300000015911648
301.99999999.201.4347111.060.8507.905.99999999.999.999.9999,300000015911670
301.99999999.202.4347111.060.8501.905.99999999.999.999.9999,300000015911682
301.99999999.202.4347111.060.8803.908.99999999.999.999.9999,300000015911688
301.99999999.201.4347111.060.8506.905.99999999.999.999.9999,300000015911692
301.99999999.203.4347111.060.8051.902.99999999.999.999.9999,300000015911699
301.99999999.203.4342105.060.8803.908.99999999.999.999.9999,300000015911705
301.99999999.203.4347121.060.8803.908.99999999.999.999.9999,300000015911733
301.99999999.202.4347101.060.8803.908.99999999.999.999.9999,300000015911740
301.99999999.201.4347101.060.8302.903.99999999.999.999.9999,300000015911742
301.99999999.203.4347119.060.8803.908.99999999.999.999.9999,300000015911756
301.99999999.203.4348109.060.8803.908.99999999.999.999.9999,300000015911788
301.99999999.202.4385114.060.8501.905.99999999.999.999.9999,300000015911794
301.99999999.201.4385114.060.8302.903.99999999.999.999.9999,300000015911801
301.99999999.201.4385114.060.8401.904.99999999.999.999.9999,300000015911803
301.99999999.203.4385122.060.8051.902.99999999.999.999.9999,300000015911817
301.99999999.201.4399604.060.8301.903.99999999.999.999.9999,300000015911846
301.99999999.203.4399604.060.8051.902.99999999.999.999.9999,300000015911855
301.99999999.201.4323101.060.8507.905.99999999.999.999.9999,300000015911875
301.99999999.201.4323101.060.8509.905.99999999.999.999.9999,300000015911879
301.99999999.202.4323101.060.8501.905.99999999.999.999.9999,300000015911898
301.99999999.201.4348101.060.8801.908.99999999.999.999.9999,300000015911909
301.99999999.201.4348101.060.8602.906.99999999.999.999.9999,300000015911913
301.99999999.201.4348101.060.8701.907.99999999.999.999.9999,300000015911920
301.99999999.201.4348106.060.8307.903.99999999.999.999.9999,300000015911922
301.99999999.201.4348106.060.8301.903.99999999.999.999.9999,300000015911931
301.99999999.201.4348106.060.8509.905.99999999.999.999.9999,300000015911942
301.99999999.203.4393101.060.8301.903.99999999.999.999.9999,300000015912021
301.99999999.201.4385115.060.8501.905.99999999.999.999.9999,300000015912034
301.99999999.201.4385115.060.8507.905.99999999.999.999.9999,300000015912042
301.99999999.201.4385115.060.8703.907.99999999.999.999.9999,300000015912044
301.99999999.201.4385115.060.8307.903.99999999.999.999.9999,300000015912046
301.99999999.202.4385115.060.8051.902.99999999.999.999.9999,300000015912052
301.99999999.201.4385115.060.8509.905.99999999.999.999.9999,300000015912058
301.99999999.202.4385115.060.8501.905.99999999.999.999.9999,300000015912061
301.99999999.201.4385115.060.8602.906.99999999.999.999.9999,300000015912067
301.99999999.203.4385115.060.8051.902.99999999.999.999.9999,300000015912079
301.99999999.202.4400109.060.8501.905.99999999.999.999.9999,300000015912092
301.99999999.201.4400109.060.8510.905.99999999.999.999.9999,300000015912096
301.99999999.201.4400109.060.8801.908.99999999.999.999.9999,300000015912109
301.99999999.201.4331105.060.8507.905.99999999.999.999.9999,300000015912113
301.99999999.201.4331105.060.8516.905.99999999.999.999.9999,300000015912115
301.99999999.201.4400107.060.8507.905.99999999.999.999.9999,300000015912129
301.99999999.201.4400102.060.8403.904.99999999.999.999.9999,300000015912144
301.99999999.201.4400104.060.8602.906.99999999.999.999.9999,300000015912151
301.99999999.201.4400104.060.8803.908.99999999.999.999.9999,300000015912159
301.99999999.201.4400104.060.8516.905.99999999.999.999.9999,300000015912167
301.99999999.201.4400111.060.8509.905.99999999.999.999.9999,300000015912170
301.99999999.201.4400111.060.8309.903.99999999.999.999.9999,300000015912172
301.99999999.201.4400111.060.8507.905.99999999.999.999.9999,300000015912179
301.99999999.201.4400108.060.8506.905.99999999.999.999.9999,300000015912190
301.99999999.201.4400108.060.8202.902.99999999.999.999.9999,300000015912194
301.99999999.202.4400108.060.8501.905.99999999.999.999.9999,300000015912202
301.99999999.201.4400108.060.8319.903.99999999.999.999.9999,300000015912204
301.99999999.202.4400108.060.8803.908.99999999.999.999.9999,300000015912206
301.99999999.201.4400108.060.8209.902.99999999.999.999.9999,300000015912208
301.99999999.201.4400108.060.8507.905.99999999.999.999.9999,300000015912217
301.99999999.201.4400110.060.8051.902.99999999.999.999.9999,300000015912235
301.99999999.201.4390103.060.8803.908.99999999.999.999.9999,300000015912248
301.99999999.203.4392101.060.8509.905.99999999.999.999.9999,300000015912258
301.99999999.201.4392101.060.8506.905.99999999.999.999.9999,300000015912264
301.99999999.201.4392101.060.8803.908.99999999.999.999.9999,300000015912266
301.99999999.201.4388102.060.8509.905.99999999.999.999.9999,300000015912270
301.99999999.201.4384117.060.8509.905.99999999.999.999.9999,300000015912278
301.99999999.203.4384105.060.8516.905.99999999.999.999.9999,300000015912284
301.99999999.201.4384105.060.8703.907.99999999.999.999.9999,300000015912286
301.99999999.201.4384105.060.8301.903.99999999.999.999.9999,300000015912290
301.99999999.201.4387105.060.8516.905.99999999.999.999.9999,300000015912302
301.99999999.201.4387105.060.8509.905.99999999.999.999.9999,300000015912311
301.99999999.201.4387105.060.8301.903.99999999.999.999.9999,300000015912322
301.99999999.201.4394101.060.8401.904.99999999.999.999.9999,300000015912324
301.99999999.201.4394101.060.8516.905.99999999.999.999.9999,300000015912332
301.99999999.201.4394101.060.8307.903.99999999.999.999.9999,300000015912335
301.99999999.201.4394101.060.8506.905.99999999.999.999.9999,300000015912341
301.99999999.202.4394101.060.8201.902.99999999.999.999.9999,300000015912345
301.99999999.202.4394101.060.8301.903.99999999.999.999.9999,300000015912347
301.99999999.201.4394101.060.8210.902.99999999.999.999.9999,300000015912349
301.99999999.201.4387106.060.8516.905.99999999.999.999.9999,300000015912351
301.99999999.201.4387107.060.8051.902.99999999.999.999.9999,300000015912353
301.99999999.201.4387107.060.8516.905.99999999.999.999.9999,300000015912359
301.99999999.201.4387107.060.8509.905.99999999.999.999.9999,300000015912361
301.99999999.201.4384141.060.8051.902.99999999.999.999.9999,300000015912364
301.99999999.201.4382101.060.8051.902.99999999.999.999.9999,300000015912373
301.99999999.201.4384137.060.8051.902.99999999.999.999.9999,300000015912376
301.99999999.203.4371201.060.8051.902.99999999.999.999.9999,300000015912382
301.99999999.203.4382113.060.8051.902.99999999.999.999.9999,300000015912386
301.99999999.201.4382112.060.8301.903.99999999.999.999.9999,300000015912388
301.99999999.203.4384201.060.8051.902.99999999.999.999.9999,300000015912394
301.99999999.203.4384119.060.8301.903.99999999.999.999.9999,300000015912397
301.99999999.202.4384119.060.8803.908.99999999.999.999.9999,300000015912399
301.99999999.201.4384119.060.8803.908.99999999.999.999.9999,300000015912403
301.99999999.201.4384119.060.8901.909.99999999.999.999.9999,300000015912405
301.99999999.201.4384119.060.8501.905.99999999.999.999.9999,300000015912409
301.99999999.203.4384119.060.8051.902.99999999.999.999.9999,300000015912411
301.99999999.201.4384144.060.8803.908.99999999.999.999.9999,300000015912416
301.99999999.201.4384144.060.8201.902.99999999.999.999.9999,300000015912419
301.99999999.201.4384144.060.8401.904.99999999.999.999.9999,300000015912423
301.99999999.201.4384144.060.8301.903.99999999.999.999.9999,300000015912425
301.99999999.201.4384144.060.8507.905.99999999.999.999.9999,300000015912430
301.99999999.203.4384145.060.8403.904.99999999.999.999.9999,300000015912432
301.99999999.201.4384145.060.8501.905.99999999.999.999.9999,300000015912434
301.99999999.201.4384145.060.8307.903.99999999.999.999.9999,300000015912436
301.99999999.201.4384145.060.8506.905.99999999.999.999.9999,300000015912440
301.99999999.201.4384145.060.8803.908.99999999.999.999.9999,300000015912442
301.99999999.202.4384145.060.8301.903.99999999.999.999.9999,300000015912444
301.99999999.201.4384145.060.8210.902.99999999.999.999.9999,300000015912446
301.99999999.201.4384145.060.8310.903.99999999.999.999.9999,300000015912448
301.99999999.201.4384145.060.8703.907.99999999.999.999.9999,300000015912452
301.99999999.203.4384145.060.8201.902.99999999.999.999.9999,300000015912458
301.99999999.201.4384145.060.8516.905.99999999.999.999.9999,300000015912460
301.99999999.201.4384145.060.8901.909.99999999.999.999.9999,300000015912462
301.99999999.201.4384146.060.8506.905.99999999.999.999.9999,300000015912466
301.99999999.201.4384146.060.8516.905.99999999.999.999.9999,300000015912472
301.99999999.201.4384146.060.8310.903.99999999.999.999.9999,300000015912474
301.99999999.201.4384146.060.8208.902.99999999.999.999.9999,300000015912483
301.99999999.201.4384146.060.8210.902.99999999.999.999.9999,300000015912485
301.99999999.202.4384146.060.8201.902.99999999.999.999.9999,300000015912487
301.99999999.201.4384146.060.8307.903.99999999.999.999.9999,300000015912489
301.99999999.202.4384146.060.8301.903.99999999.999.999.9999,300000015912491
301.99999999.202.4384146.060.8803.908.99999999.999.999.9999,300000015912495
301.99999999.202.4400118.060.8201.902.99999999.999.999.9999,300000015912497
301.99999999.201.4400118.060.8801.908.99999999.999.999.9999,300000015912499
301.99999999.201.4400118.060.8201.902.99999999.999.999.9999,300000015912506
301.99999999.201.4400118.060.8506.905.99999999.999.999.9999,300000015912508
301.99999999.201.4400118.060.8512.905.99999999.999.999.9999,300000015912510
301.99999999.201.4400118.060.8507.905.99999999.999.999.9999,300000015912512
301.99999999.201.4400118.060.8516.905.99999999.999.999.9999,300000015912516
301.99999999.201.4400118.060.8403.904.99999999.999.999.9999,300000015912518
301.99999999.201.4400118.060.8401.904.99999999.999.999.9999,300000015912522
301.99999999.202.4399401.060.8051.902.99999999.999.999.9999,300000015912528
301.99999999.202.4397101.060.8803.908.99999999.999.999.9999,300000015912531
301.99999999.203.4397301.060.8201.902.99999999.999.999.9999,300000015912533
301.99999999.202.4397301.060.8301.903.99999999.999.999.9999,300000015912535
301.99999999.202.4397301.060.8201.902.99999999.999.999.9999,300000015912539
301.99999999.201.4397301.060.8201.902.99999999.999.999.9999,300000015912541
301.99999999.201.4397301.060.8501.905.99999999.999.999.9999,300000015912543
301.99999999.203.4398101.060.8801.908.99999999.999.999.9999,300000015912545
301.99999999.202.4398101.060.8051.902.99999999.999.999.9999,300000015912549
301.99999999.202.4398101.060.8803.908.99999999.999.999.9999,300000015912554
301.99999999.202.4398101.060.8301.903.99999999.999.999.9999,300000015912556
301.99999999.201.4398101.060.8201.902.99999999.999.999.9999,300000015912563
301.99999999.201.4398101.060.8516.905.99999999.999.999.9999,300000015912565
301.99999999.201.4398101.060.8403.904.99999999.999.999.9999,300000015912567
301.99999999.201.4398101.060.8602.906.99999999.999.999.9999,300000015912569
301.99999999.202.4398101.060.8801.908.99999999.999.999.9999,300000015912573
301.99999999.201.4394101.060.8801.908.99999999.999.999.9999,300000015912578
301.99999999.203.4394105.060.8051.902.99999999.999.999.9999,300000015912580
301.99999999.202.4382118.060.8051.902.99999999.999.999.9999,300000015912582
301.99999999.201.4382118.060.8301.903.99999999.999.999.9999,300000015912590
301.99999999.201.4382118.060.8803.908.99999999.999.999.9999,300000015912594
301.99999999.202.4382118.060.8803.908.99999999.999.999.9999,300000015912597
301.99999999.202.4378201.060.8051.902.99999999.999.999.9999,300000015912611
301.99999999.203.4378201.060.8051.902.99999999.999.999.9999,300000015912613
301.99999999.201.4384121.060.8301.903.99999999.999.999.9999,300000015912618
301.99999999.201.4384121.060.8509.905.99999999.999.999.9999,300000015912622
301.99999999.201.4348102.060.8310.903.99999999.999.999.9999,300000015912635
301.99999999.201.4348102.060.8209.902.99999999.999.999.9999,300000015912637
301.99999999.203.4348102.060.8509.905.99999999.999.999.9999,300000015912644
301.99999999.201.4348102.060.8516.905.99999999.999.999.9999,300000015912648
301.99999999.201.4348102.060.8216.902.99999999.999.999.9999,300000015912652
301.99999999.202.4348102.060.8501.905.99999999.999.999.9999,300000015912661
301.99999999.201.4348102.060.8401.904.99999999.999.999.9999,300000015912678
301.99999999.201.4348102.060.8801.908.99999999.999.999.9999,300000015912681
301.99999999.201.4348105.060.8803.908.99999999.999.999.9999,300000015912686
301.99999999.201.4348105.060.8516.905.99999999.999.999.9999,300000015912688
301.99999999.202.4348105.060.8501.905.99999999.999.999.9999,300000015912690
301.99999999.203.4348105.060.8301.903.99999999.999.999.9999,300000015912696
301.99999999.201.4387102.060.8310.903.99999999.999.999.9999,300000015912698
301.99999999.201.4387102.060.8403.904.99999999.999.999.9999,300000015912704
301.99999999.201.4387102.060.8803.908.99999999.999.999.9999,300000015912706
301.99999999.201.4387102.060.8509.905.99999999.999.999.9999,300000015912729
301.99999999.203.4387102.060.8307.903.99999999.999.999.9999,300000015912733
301.99999999.202.4387102.060.8501.905.99999999.999.999.9999,300000015912737
301.99999999.201.4387102.060.8208.902.99999999.999.999.9999,300000015912740
301.99999999.201.4387102.060.8901.909.99999999.999.999.9999,300000015912742
301.99999999.203.5113102.060.8051.902.99999999.999.999.9999,300000015912752
301.99999999.203.4366101.060.8803.908.99999999.999.999.9999,300000015912754
301.99999999.203.4366101.060.8051.902.99999999.999.999.9999,300000015912758
301.99999999.203.4343102.060.8051.902.99999999.999.999.9999,300000015915748
301.99999999.299.1823501.999.9999.902.99999999.999.999.9999,300000015915782
301.99999999.299.1808401.999.9999.902.99999999.999.999.9999,300000015915786
301.99999999.201.4400118.060.8518.902.99999999.999.999.9999,300000015921364
301.99999999.203.4400107.060.8516.905.99999999.999.999.9999,300000015949584
301.99999999.201.4385115.060.8401.904.99999999.999.999.9999,300000016094605
301.99999999.201.4384145.060.8401.904.99999999.999.999.9999,300000016095563
301.99999999.201.4397101.060.8301.903.99999999.999.999.9999,300000016095641
301.99999999.201.4399603.060.8301.903.99999999.999.999.9999,300000016150373
301.99999999.201.4384105.060.8801.908.99999999.999.999.9999,300000016151009
301.99999999.201.4384146.060.8801.908.99999999.999.999.9999,300000016151154
301.99999999.201.4384129.060.8801.908.99999999.999.999.9999,300000016151277
301.99999999.299.4360102.999.9999.905.99999999.999.999.9999,300000016210975
301.99999999.201.4400109.060.8310.903.99999999.999.999.9999,300000016620161
301.99999999.299.3644101.999.9999.999.99999999.999.999.9999,300000016711245
